fid,OGC_FID,DISTRICT,STATE,AREA_SQ_M,ASCII_ID,layer1_sum,layer2_sum,layer3_sum
"1","10",North Sikkim,Sikkim,4337148233,0,176268955.097356,162168643.135076,167925418.111239
"2","11",West Sikkim,Sikkim,1213372921,0,109539107.647041,107735492.82822,102659739.698844
"3","12",South Sikkim,Sikkim,703617221.7,0,77060728.61339,78527809.8706322,75528821.4823952
"4","13",East Sikkim,Sikkim,942815350.7,0,98842240.3936768,98295607.6300659,96724799.3232422
